{"cameraMode":{"drawMode":0,"name":"Shaded","section":"Shading Mode"},"sceneLighting":true,"audioPlay":false,"sceneViewState":{"m_AlwaysRefresh":false,"showFog":true,"showSkybox":true,"showFlares":true,"showImageEffects":true,"showParticleSystems":true,"showVisualEffectGraphs":true,"m_FxEnabled":true},"in2DMode":false,"pivot":{"x":0.6077389717102051,"y":0.4500848650932312,"z":-0.12245111167430878},"rotation":{"x":-0.11923231184482575,"y":0.2436956763267517,"z":-0.03020009584724903,"w":-0.9620243310928345},"size":2.70739483833313,"orthographic":false}